<?xml version="1.0" encoding="utf-8"?>
<!--/9979257/895860/2.49/7/4/Switch/-->
<quadcept_library>
  <setting unit="mil" />
  <textstyle name="Default" height="47.244094488189" strokewidth="7.8740157480315" charwidth="47.244094488189" />
  <textstyle name="Dimension" height="19.6850393700787" strokewidth="0" charwidth="19.6850393700787" />
  <textstyle name="H127W0635TH00762" height="50" strokewidth="3" charwidth="25" />
  <textstyle name="H15W15TH02" height="59.0551181102362" strokewidth="7.8740157480315" charwidth="59.0551181102362" />
  <padstyle name="r80_50" surface="True" plated="False" isvia="False" nopaste="False" nomask="True" complex="False" holesize="0">
    <padshape layer="TOP" shape="rectangle" width="19.685039370078" height="31.496062992126" />
    <padshape layer="TOP_SOLDER_MASK" shape="rectangle" width="27.55905511811" height="39.370078740157" />
    <padshape layer="TOP_SOLDER_PASTE" shape="rectangle" width="19.685039370078" height="31.496062992126" />
  </padstyle>
  <padstyle name="r100_50" surface="True" plated="False" isvia="False" nopaste="False" nomask="True" complex="False" holesize="0">
    <padshape layer="TOP" shape="rectangle" width="19.685039370078" height="39.370078740157" />
    <padshape layer="TOP_SOLDER_MASK" shape="rectangle" width="27.55905511811" height="47.244094488188" />
    <padshape layer="TOP_SOLDER_PASTE" shape="rectangle" width="19.685039370078" height="39.370078740157" />
  </padstyle>
  <padstyle name="c42.5_h85" surface="False" plated="True" isvia="False" nopaste="True" nomask="True" complex="False" holesize="33.464566929133">
    <padshape layer="TOP" shape="round" width="16.732283464567" height="16.732283464567" />
    <padshape layer="TOP_SOLDER_MASK" shape="round" width="24.606299212598" height="24.606299212598" />
    <padshape layer="INNER" shape="round" width="16.732283464567" height="16.732283464567" />
    <padshape layer="BOTTOM" shape="round" width="16.732283464567" height="16.732283464567" />
    <padshape layer="BOTTOM_SOLDER_MASK" shape="round" width="24.606299212598" height="24.606299212598" />
  </padstyle>
  <footprint name="MSK12C02" originx="0" originy="0" pickpointx="0" pickpointy="0">
    <pcbpin number="1" name="A1" style="r100_50" originx="-88.582677165353" originy="72.83464566929" rotation="0" />
    <pcbpin number="2" name="B1" style="r100_50" originx="29.527559055118" originy="72.83464566929" rotation="0" />
    <pcbpin number="3" name="C1" style="r100_50" originx="88.582677165353" originy="72.83464566929" rotation="0" />
    <pcbpin number="4" name="MH1" style="c42.5_h85" originx="-59.055118110235" originy="0" rotation="90" />
    <pcbpin number="5" name="MH2" style="c42.5_h85" originx="59.055118110235" originy="0" rotation="90" />
    <pcbpin number="6" name="MP1" style="r80_50" originx="135.82677165354" originy="41.338582677165" rotation="90" />
    <pcbpin number="7" name="MP2" style="r80_50" originx="135.82677165354" originy="-41.338582677165" rotation="90" />
    <pcbpin number="8" name="MP3" style="r80_50" originx="-135.82677165354" originy="-41.338582677165" rotation="90" />
    <pcbpin number="9" name="MP4" style="r80_50" originx="-135.82677165354" originy="41.338582677165" rotation="90" />
    <line layer="TOP_ASSEMBLY" originx="-124.01574803149" originy="-53.149606299212" endx="124.01574803149" endy="-53.149606299212" width="7.8740157480314" />
    <line layer="TOP_ASSEMBLY" originx="124.01574803149" originy="-53.149606299212" endx="124.01574803149" endy="53.149606299212" width="7.8740157480314" />
    <line layer="TOP_ASSEMBLY" originx="124.01574803149" originy="53.149606299212" endx="-124.01574803149" endy="53.149606299212" width="7.8740157480314" />
    <line layer="TOP_ASSEMBLY" originx="-124.01574803149" originy="53.149606299212" endx="-124.01574803149" endy="-53.149606299212" width="7.8740157480314" />
    <line layer="TOP_SILKSCREEN" originx="-98.425196850392" originy="-53.149606299212" endx="98.425196850392" endy="-53.149606299212" width="3.9370078740157" />
    <line layer="TOP_SILKSCREEN" originx="98.425196850392" originy="-53.149606299212" endx="98.425196850392" endy="-53.149606299212" width="3.9370078740157" />
    <line layer="TOP_SILKSCREEN" originx="98.425196850392" originy="-53.149606299212" endx="-98.425196850392" endy="-53.149606299212" width="3.9370078740157" />
    <line layer="TOP_SILKSCREEN" originx="-98.425196850392" originy="-53.149606299212" endx="-98.425196850392" endy="-53.149606299212" width="3.9370078740157" />
    <line layer="TOP_SILKSCREEN" originx="-49.212598425196" originy="53.149606299212" endx="-9.8425196850392" endy="53.149606299212" width="3.9370078740157" />
    <line layer="TOP_SILKSCREEN" originx="-9.8425196850392" originy="53.149606299212" endx="-9.8425196850392" endy="53.149606299212" width="3.9370078740157" />
    <line layer="TOP_SILKSCREEN" originx="-9.8425196850392" originy="53.149606299212" endx="-49.212598425196" endy="53.149606299212" width="3.9370078740157" />
    <line layer="TOP_SILKSCREEN" originx="-49.212598425196" originy="53.149606299212" endx="-49.212598425196" endy="53.149606299212" width="3.9370078740157" />
    <line layer="TOP_SILKSCREEN" originx="-124.01574803149" originy="9.8425196850392" endx="-124.01574803149" endy="9.8425196850392" width="3.9370078740157" />
    <line layer="TOP_SILKSCREEN" originx="-124.01574803149" originy="9.8425196850392" endx="-124.01574803149" endy="-9.8425196850392" width="3.9370078740157" />
    <line layer="TOP_SILKSCREEN" originx="-124.01574803149" originy="-9.8425196850392" endx="-124.01574803149" endy="-9.8425196850392" width="3.9370078740157" />
    <line layer="TOP_SILKSCREEN" originx="-124.01574803149" originy="-9.8425196850392" endx="-124.01574803149" endy="9.8425196850392" width="3.9370078740157" />
    <line layer="TOP_SILKSCREEN" originx="124.01574803149" originy="9.8425196850392" endx="124.01574803149" endy="9.8425196850392" width="3.9370078740157" />
    <line layer="TOP_SILKSCREEN" originx="124.01574803149" originy="9.8425196850392" endx="124.01574803149" endy="-9.8425196850392" width="3.9370078740157" />
    <line layer="TOP_SILKSCREEN" originx="124.01574803149" originy="-9.8425196850392" endx="124.01574803149" endy="-9.8425196850392" width="3.9370078740157" />
    <line layer="TOP_SILKSCREEN" originx="124.01574803149" originy="-9.8425196850392" endx="124.01574803149" endy="9.8425196850392" width="3.9370078740157" />
    <line layer="TOP_PLACE_BOUND" originx="-190.94488188976" originy="171.25984251968" endx="190.94488188976" endy="171.25984251968" width="3.9370078740157" />
    <line layer="TOP_PLACE_BOUND" originx="190.94488188976" originy="171.25984251968" endx="190.94488188976" endy="-92.519685039369" width="3.9370078740157" />
    <line layer="TOP_PLACE_BOUND" originx="190.94488188976" originy="-92.519685039369" endx="-190.94488188976" endy="-92.519685039369" width="3.9370078740157" />
    <line layer="TOP_PLACE_BOUND" originx="-190.94488188976" originy="-92.519685039369" endx="-190.94488188976" endy="171.25984251968" width="3.9370078740157" />
    <line layer="TOP_SILKSCREEN" originx="-98.425196850392" originy="129.92125984252" endx="-98.425196850392" endy="129.92125984252" width="7.8740157480314" />
    <arc layer="TOP_SILKSCREEN" originx="-96.456692913385" originy="129.92125984252" startangle="180.0" sweepangle="180.0" radius="1.9685039370079" width="7.8740157480314" />
    <line layer="TOP_SILKSCREEN" originx="-94.488188976377" originy="129.92125984252" endx="-94.488188976377" endy="129.92125984252" width="7.8740157480314" />
    <arc layer="TOP_SILKSCREEN" originx="-96.456692913385" originy="129.92125984252" startangle=".0" sweepangle="180.0" radius="1.9685039370079" width="7.8740157480314" />
    <line layer="TOP_SILKSCREEN" originx="-98.425196850392" originy="129.92125984252" endx="-98.425196850392" endy="129.92125984252" width="7.8740157480314" />
    <arc layer="TOP_SILKSCREEN" originx="-96.456692913385" originy="129.92125984252" startangle="180.0" sweepangle="180.0" radius="1.9685039370079" width="7.8740157480314" />
  </footprint>
  <symbol name="MSK12C02" originx="0" originy="0">
    <line originx="200" originy="100" endx="800" endy="100" width="0" />
    <line originx="800" originy="-400" endx="800" endy="100" width="0" />
    <line originx="800" originy="-400" endx="200" endy="-400" width="0" />
    <line originx="200" originy="100" endx="200" endy="-400" width="0" />
    <sympin number="1" originx="200" originy="0" rotation="180" length="100" width="7.8740157480315" flipped="False">
      <text name="pinname" originx="230" originy="0" style="Default" rotation="0" justify="left" flipped="False" hidden="False" data="NC" />
      <text name="pindes" originx="140" originy="20" style="Default" rotation="0" justify="lowerright" flipped="False" hidden="False" data="A1" />
    </sympin>
    <sympin number="2" originx="200" originy="-100" rotation="180" length="100" width="7.8740157480315" flipped="False">
      <text name="pinname" originx="230" originy="-100" style="Default" rotation="0" justify="left" flipped="False" hidden="False" data="COM" />
      <text name="pindes" originx="140" originy="-80" style="Default" rotation="0" justify="lowerright" flipped="False" hidden="False" data="B1" />
    </sympin>
    <sympin number="3" originx="200" originy="-200" rotation="180" length="100" width="7.8740157480315" flipped="False">
      <text name="pinname" originx="230" originy="-200" style="Default" rotation="0" justify="left" flipped="False" hidden="False" data="NO" />
      <text name="pindes" originx="140" originy="-180" style="Default" rotation="0" justify="lowerright" flipped="False" hidden="False" data="C1" />
    </sympin>
    <sympin number="4" originx="200" originy="-300" rotation="180" length="100" width="7.8740157480315" flipped="False">
      <text name="pinname" originx="230" originy="-300" style="Default" rotation="0" justify="left" flipped="False" hidden="False" data="MP1" />
      <text name="pindes" originx="140" originy="-280" style="Default" rotation="0" justify="lowerright" flipped="False" hidden="False" data="MP1" />
    </sympin>
    <sympin number="5" originx="800" originy="0" rotation="0" length="100" width="7.8740157480315" flipped="False">
      <text name="pinname" originx="770" originy="0" style="Default" rotation="0" justify="right" flipped="False" hidden="False" data="MP2" />
      <text name="pindes" originx="860" originy="20" style="Default" rotation="0" justify="lowerleft" flipped="False" hidden="False" data="MP2" />
    </sympin>
    <sympin number="6" originx="800" originy="-100" rotation="0" length="100" width="7.8740157480315" flipped="False">
      <text name="pinname" originx="770" originy="-100" style="Default" rotation="0" justify="right" flipped="False" hidden="False" data="MP3" />
      <text name="pindes" originx="860" originy="-80" style="Default" rotation="0" justify="lowerleft" flipped="False" hidden="False" data="MP3" />
    </sympin>
    <sympin number="7" originx="800" originy="-200" rotation="0" length="100" width="7.8740157480315" flipped="False">
      <text name="pinname" originx="770" originy="-200" style="Default" rotation="0" justify="right" flipped="False" hidden="False" data="MP4" />
      <text name="pindes" originx="860" originy="-180" style="Default" rotation="0" justify="lowerleft" flipped="False" hidden="False" data="MP4" />
    </sympin>
  </symbol>
  <component name="MSK12C02" designatorprefix="S" height="55.11811023622" footprint="MSK12C02">
    <comppin designator="A1" sympin="1" pinswap="0" gateswap="0" gate="1" group="1" side="" type="Any" name="NC" />
    <comppin designator="B1" sympin="2" pinswap="0" gateswap="0" gate="1" group="1" side="" type="Any" name="COM" />
    <comppin designator="C1" sympin="3" pinswap="0" gateswap="0" gate="1" group="1" side="" type="Any" name="NO" />
    <comppin designator="MP1" sympin="4" pinswap="0" gateswap="0" gate="1" group="1" side="" type="Any" name="MP1" />
    <comppin designator="MP2" sympin="5" pinswap="0" gateswap="0" gate="1" group="1" side="" type="Any" name="MP2" />
    <comppin designator="MP3" sympin="6" pinswap="0" gateswap="0" gate="1" group="1" side="" type="Any" name="MP3" />
    <comppin designator="MP4" sympin="7" pinswap="0" gateswap="0" gate="1" group="1" side="" type="Any" name="MP4" />
    <attached_symbol gate="1" name="MSK12C02" />
    <pinmap designator="A1" footprintpin="1" />
    <pinmap designator="B1" footprintpin="2" />
    <pinmap designator="C1" footprintpin="3" />
    <pinmap designator="MP1" footprintpin="4" />
    <pinmap designator="MP2" footprintpin="5" />
    <pinmap designator="MP3" footprintpin="6" />
    <pinmap designator="MP4" footprintpin="7" />
    <text name="Datasheet" originx="0" originy="0" style="Default" rotation="0" justify="" flipped="False" hidden="True" data="https://shouhan.en.made-in-china.com/product/xsMEmqgOAXWB/China-Slide-Switch-Msk12c02-Slide-Switch-on-off-2-Position-1p2t-Spdt-Miniature-Horizontal-SMD-7p-Slide-Switch.html" />
    <text name="Description" originx="0" originy="0" style="Default" rotation="0" justify="" flipped="False" hidden="True" data="SMD Toggle Switches" />
    <text name="Manufacturer_Name" originx="0" originy="0" style="Default" rotation="0" justify="" flipped="False" hidden="True" data="Shou Han" />
    <text name="Manufacturer_Part_Number" originx="850" originy="200" style="Default" rotation="0" justify="left" flipped="False" hidden="False" data="MSK12C02" />
    <text name="Mouser Part Number" originx="0" originy="0" style="Default" rotation="0" justify="" flipped="False" hidden="True" data="" />
    <text name="Mouser Price/Stock" originx="0" originy="0" style="Default" rotation="0" justify="" flipped="False" hidden="True" data="" />
    <text name="Arrow Part Number" originx="0" originy="0" style="Default" rotation="0" justify="" flipped="False" hidden="True" data="" />
    <text name="Arrow Price/Stock" originx="0" originy="0" style="Default" rotation="0" justify="" flipped="False" hidden="True" data="" />
  </component>
</quadcept_library>
